"geocodigo","demanda_total","n_personas"
"13101011001",209160429.154601,2172
"13101011002",228300245.405289,2241
"13101011003",225599610.306402,2199
"13101011004",184438014.964212,1866
"13101011005",181483610.073638,1781
"13101021001",303781639.61426,3448
"13101021002",289517805.250135,2846
"13101021003",283666801.532268,2780
"13101021004",271260672.744218,3318
"13101021005",160878378.812424,2227
"13101021006",219937796.58498,2461
"13101021007",188696102.925227,2336
"13101021008",139424235.612028,1479
"13101031001",211461580.95439,2279
"13101031002",575185267.037807,5917
"13101031003",506617277.830734,5007
"13101031004",365874140.448636,3799
"13101031005",159160223.131676,1775
"13101031006",171412408.205836,1723
"13101031007",284484987.914409,2980
"13101041001",227430283.051928,2826
"13101041002",219992303.316342,2666
"13101041003",228400629.170385,2714
"13101041004",230973429.550453,2839
"13101041005",208796197.232804,2584
"13101051001",252201814.043631,3095
"13101051002",259268561.258762,4429
"13101051003",148583733.214181,2266
"13101061001",313146096.942806,3986
"13101061002",327026918.628488,4742
"13101061003",201420179.540898,2866
"13101071001",315919811.99159,5065
"13101071002",198075995.108375,3453
"13101071003",250579934.865114,3401
"13101081001",251383326.205375,3764
"13101081002",319653834.814076,5219
"13101081003",224526657.743143,3387
"13101081004",158560060.661232,2672
"13101091001",212469293.999086,3388
"13101091002",221699954.859442,3333
"13101091003",239800068.462618,3253
"13101091004",187155516.136909,2955
"13101101001",243048269.81681,2534
"13101101002",184209196.782525,1883
"13101101003",265499777.207362,2736
"13101101004",263894819.807628,2449
"13101101005",186276247.886767,1845
"13101101006",136066661.662507,1390
"13101101007",328255400.442773,3008
"13101101008",173864690.818849,1628
"13101101009",158262662.287244,1427
"13101101010",308322299.288185,2949
"13101111001",240960385.26006,2606
"13101111002",283003182.728008,2603
"13101111003",233490514.648764,2238
"13101111004",199896558.771346,1983
"13101111005",213500211.623558,2018
"13101111006",175936999.432578,1717
"13101111007",182966914.375227,1819
"13101111008",254428475.908167,2535
"13101111009",350765873.427155,3405
"13101111010",286731567.727317,2612
"13101111011",164466874.978172,1603
"13101111012",435998193.476754,4003
"13101111013",331428033.684708,3179
"13101111014",175369429.708194,1908
"13101111015",265860415.436688,2724
"13101111016",275963192.776129,2499
"13101111017",166369309.762963,1772
"13101111018",297060852.838977,2740
"13101111019",265721676.266037,2495
"13101121001",206250046.734399,2320
"13101121002",184714394.89947,1811
"13101121003",218590441.017883,2052
"13101121004",445342111.540581,4439
"13101121005",157043450.932555,2042
"13101121006",318954062.427215,3275
"13101121007",260783216.304756,3092
"13101121008",486256536.49882,4663
"13101121009",503949362.433515,4414
"13101131001",179415604.140481,1830
"13101131002",179311672.983105,1753
"13101131003",416007559.541213,3925
"13101131004",243270786.33821,2421
"13101131005",318733033.998612,3665
"13101131006",218017940.718367,2211
"13101131007",307076697.858802,2963
"13101131008",332190333.447828,3053
"13101131009",370888513.468992,3539
"13101141001",284396150.364586,4369
"13101141002",277056712.179899,3038
"13101141003",403285725.63038,4030
"13101151001",324833828.169294,4733
"13101151002",355917476.571521,3942
"13101151003",282447133.831583,3541
"13101151004",131500078.319061,1997
"13101161001",276842840.94214,2612
"13101161002",412022064.072482,5321
"13101161003",504264881.461563,5351
"13101171001",366635456.22225,5612
"13101171002",244663227.056996,3708
"13101171003",134132583.132847,2542
"13101181001",309634268.445979,4258
"13101181002",219630296.895019,4002
"13101191001",366991410.503812,4918
"13101191002",330793597.154333,4754
"13101191003",432957485.867499,5593
"13101201001",208680463.340253,2960
"13101201002",101109797.983436,2014
"13101201003",147558742.169558,3035
"13101211001",215973166.070407,4116
"13101211002",232368629.184475,3444
"13101221001",571951552.916464,11074
"13101231001",257604179.071346,3540
"13101241001",179810665.014855,3365
"13101241002",265080196.443872,4838
"13101251001",267089787.982765,5111
"13101261001",152128686.324804,2910
"13101271001",316475780.460927,3978
"13101271002",278205774.89088,3389
"13101271003",286376057.34777,3429
"13101271004",283816212.153629,3814
"13101281001",105791132.636596,1210
"13101281002",261188031.36324,2855
"13101281003",321713745.317608,3367
"13101281004",174824371.147132,1785
"13101281005",301840922.177086,3224
"13101281006",268168936.978879,2704
"13101291001",77823413.612846,1016
"13101991999",91151898.3160376,1683
"13102011001",92660379.0235133,2515
"13102011002",104865152.684643,3351
"13102011003",206652670.015689,4650
"13102011004",248200041.25128,5624
"13102021001",95340563.2705822,2850
"13102021002",131853114.38141,3884
"13102021003",76250937.2023711,2377
"13102021004",87012223.9605572,2653
"13102031001",194658956.455878,5756
"13102031002",134328761.83003,4356
"13102031003",132133925.432244,4026
"13102031004",101549155.147193,3142
"13102031005",128530654.577311,4285
"13102031006",105741491.308699,3370
"13102031007",130608575.194074,4164
"13102041001",184620633.178089,4773
"13102041002",148531059.254295,4696
"13102041003",106409342.559731,3122
"13102041004",133677883.008441,3764
"13102041005",94793991.0583088,2622
"13102041006",171263420.52225,4717
"13102991999",4234753.57904517,135
"13103011001",62756613.6178888,2287
"13103011002",68509657.6669254,2443
"13103011003",95698554.4692966,3583
"13103011004",110053767.534031,4049
"13103011005",132192337.330535,4803
"13103011006",93581620.5222146,3425
"13103021001",138762658.024411,5141
"13103021002",69948644.0293435,2603
"13103021003",45700066.137619,1722
"13103021004",84082221.978023,3218
"13103021005",99912810.4915685,3907
"13103031001",100174961.463372,3622
"13103031002",102026119.854405,3712
"13103031003",88130220.106693,3421
"13103041001",79523825.9913235,2941
"13103041002",90773692.0597286,3410
"13103041003",122751015.464605,4903
"13103051001",140918757.072448,5093
"13103051002",136059651.175966,5032
"13103061001",67844900.6061933,2603
"13103061002",68680616.6307662,2645
"13103061003",66813762.477072,2435
"13103061004",78160753.2934287,2950
"13103071001",69338701.2328617,2603
"13103071002",102229648.820106,3747
"13103071003",127694697.171603,4800
"13103071004",104705081.720653,3983
"13103071005",90012743.7151123,3367
"13103081001",97111074.9895129,3629
"13103081002",105293159.261995,3921
"13103081003",148312139.296144,5538
"13103091001",84793310.103185,3220
"13103091002",68394818.0230009,2443
"13103091003",171730934.113907,6245
"13103091004",117163861.062506,4153
"13103091005",156985813.241278,4787
"13103991999",5492788.51098331,238
"13104011001",78099223.8911397,3345
"13104011002",83800827.1126808,3641
"13104011003",50515587.9275515,2198
"13104021001",39481051.2397714,1854
"13104021002",100616511.064586,3891
"13104021003",91277418.5894065,4123
"13104021004",84842892.271495,3955
"13104031001",97028663.8401691,4466
"13104031002",88668419.5000335,4251
"13104031003",62312615.0479089,2818
"13104031004",54775559.6168086,2443
"13104031005",61978050.7126792,2970
"13104041001",64784445.275998,3032
"13104041002",80886692.6463508,3800
"13104041003",59437379.1327742,2820
"13104041004",61510691.9403726,2809
"13104051001",66981715.0609584,2915
"13104051002",96453845.3904912,3938
"13104051003",62787051.1500219,2927
"13104051004",74645021.7791079,3357
"13104051005",81229286.0723794,3267
"13104051006",144221664.311074,5058
"13104061001",82433778.6721926,3281
"13104061002",86279507.4807042,3408
"13104061003",61463598.8011587,2968
"13104071001",357022.731106834,21
"13104071002",81282300.4227034,3713
"13104071003",29388040.9679545,1354
"13104071004",34670615.3622426,1555
"13104081001",54060551.0140903,2523
"13104081002",78816251.9561665,3675
"13104081003",59416303.4206153,2835
"13104081004",95964272.4283559,4235
"13104091001",137299134.599815,5014
"13104091002",79008844.1882134,3387
"13104091003",94416172.4755233,3958
"13104101001",68138514.4629909,3151
"13104101002",93986352.7296269,4168
"13104101003",84152944.3025649,3640
"13104991999",2394030.92118381,191
"13105011001",57952053.069172,2854
"13105011002",121760800.755125,5693
"13105011003",17475586.2458393,558
"13105011004",73373515.9197129,3509
"13105011005",151422430.416905,7068
"13105021001",69386947.5189515,3649
"13105021002",98838367.3479032,4691
"13105021003",76183058.1463782,3340
"13105031001",85986975.2737112,3667
"13105031002",37877308.3396639,1778
"13105041001",71692851.019027,3439
"13105041002",103183790.219116,5028
"13105051001",54998107.553602,2565
"13105051002",55086683.1855246,2875
"13105051003",86245426.0188315,4041
"13105051004",79958811.1835905,4141
"13105051005",77763852.3853851,3952
"13105061001",84491845.4366914,4261
"13105061002",77554261.5382147,3974
"13105061003",91502238.8145011,4680
"13105061004",99005985.705451,5261
"13105061005",99621546.9046675,5152
"13105071001",95382240.9292764,4529
"13105071002",96281127.4623871,4305
"13105071003",76147216.867508,3905
"13105071004",93569894.4040462,4599
"13105071005",78081944.8006659,3660
"13105081001",56560621.1008424,2717
"13105081002",75742382.9784239,3641
"13105081003",112878375.143336,4682
"13105081004",107227515.377762,5448
"13105081005",99908702.3616756,4953
"13105091001",78559448.3738444,3933
"13105091002",119744274.799916,5413
"13105091003",85340121.9928602,4350
"13105091004",64059635.6060004,3037
"13105101001",108420549.959202,5089
"13105101002",136213224.672759,6360
"13105101003",121201050.456916,5570
"13105991999",2894451.01313236,138
"13106011001",52177157.41629,1654
"13106021001",67537997.5488899,1757
"13106021002",58432046.2764571,1744
"13106031001",92531848.441849,2982
"13106031002",61772121.2587891,2157
"13106031003",72042550.6057657,2516
"13106041001",182432361.830656,5733
"13106041002",189978946.417071,6011
"13106051001",107521314.142286,3143
"13106051002",59897207.8742754,1870
"13106051003",89081490.5200217,2695
"13106061001",59307850.0605466,1773
"13106061002",159247416.056568,4844
"13106061003",113478072.613515,3496
"13106061004",45050291.8326754,1574
"13106071001",84524268.2184327,2622
"13106071002",159617199.814274,4819
"13106071003",168597416.180392,5651
"13106081001",139526681.945896,3204
"13106081002",86167734.6144472,2371
"13106081003",190168674.970339,4125
"13106081004",86012750.958691,2204
"13106081005",245157718.913141,4832
"13106081006",111654543.408984,2125
"13106091001",98697080.5601482,2748
"13106091002",88856698.3939637,2623
"13106101001",186714174.720863,3877
"13106101002",174667759.773006,3136
"13106101003",237948414.788368,5029
"13106101004",191160188.584837,4755
"13106101005",203222986.413726,3389
"13106111001",47742460.8039137,1471
"13106111002",186410467.148802,3226
"13106111003",100904357.944166,2768
"13106111004",112370795.564486,2882
"13106121001",142809208.623691,3413
"13106121002",118622637.398758,2852
"13106131001",106118813.609433,2176
"13106131002",239867958.985971,4678
"13106131003",157109074.248983,4580
"13106131004",69021584.2908013,1428
"13106141001",148385583.768107,4739
"13106141002",154329261.418165,5111
"13106991999",252399551.550417,6258
"13107011001",192253299.296434,3300
"13107011002",197943317.808122,3349
"13107011003",507453965.767928,5508
"13107011004",331364073.187634,5040
"13107011005",458795104.767622,5552
"13107011006",403588054.814466,5095
"13107011007",406398026.698696,4458
"13107011008",630342321.334998,7046
"13107011009",264328057.199621,5170
"13107011010",578765523.007386,6345
"13107021001",165516537.769181,3445
"13107021002",263020908.639164,5376
"13107021003",338510029.755636,7070
"13107022001",2098845.28001486,76
"13107031001",194582313.405307,3982
"13107031002",291818259.546645,5832
"13107031003",18540870.7297274,223
"13107032901",3492638.71595595,66
"13107041001",186193850.711931,3861
"13107041002",169858707.627862,3203
"13107041003",314427474.023697,6377
"13107051001",342031874.589882,3518
"13107061001",233523779.922521,4708
"13107991999",1463668.85683842,71
"13108011001",84782957.948573,3204
"13108011002",75111267.6263986,2596
"13108011003",194224092.896328,5784
"13108011004",191993196.998227,5181
"13108011005",200502712.38279,6231
"13108021001",67608303.2242466,2658
"13108021002",69759066.7040009,2716
"13108021003",104134631.987404,3720
"13108021004",187678099.796061,4878
"13108021005",94208309.9877069,3259
"13108031001",63628309.8591315,2388
"13108031002",86969521.3398894,3097
"13108031003",98364350.5520732,3470
"13108031004",73953879.3396695,2841
"13108031005",127218134.41694,4721
"13108041001",61639270.2178171,1936
"13108041002",210314604.724015,5689
"13108051001",46477884.6129606,1730
"13108051002",60637396.0831383,2015
"13108051003",209122326.896826,5614
"13108051004",42677625.3230872,1485
"13108051005",251980891.216446,6767
"13108061001",156477973.07064,5159
"13108061002",289099562.342636,7813
"13108071001",133134276.715252,3482
"13108071002",46316854.0443977,1622
"13108991999",3686720.08471891,225
"13109011001",177293923.800332,3597
"13109011002",234175431.117097,5152
"13109011003",181314083.388247,4002
"13109011004",212227953.402652,3794
"13109021001",186214040.789198,3462
"13109021002",164778141.920609,3610
"13109021003",143737356.1455,3105
"13109021004",192662045.367769,3769
"13109021005",122717100.326492,2220
"13109031001",234185738.042584,4984
"13109031002",275178511.119343,5420
"13109031003",238742650.650184,5427
"13109041001",167018732.41268,3497
"13109041002",194113466.953354,4378
"13109041003",144178449.538222,2786
"13109041004",132710639.010719,3015
"13109051001",284336053.743887,5061
"13109051002",193080073.32,3683
"13109051003",184427693.588849,3810
"13109061001",176221835.456592,4063
"13109061002",292315085.15909,5842
"13109061003",162906373.445697,3145
"13109061004",101403626.876157,2047
"13109991999",10490692.0982195,250
"13110011001",346497771.593034,4607
"13110011002",128185593.335907,2390
"13110011003",201626328.532457,4046
"13110011004",61311620.2401629,1181
"13110011005",229751475.109477,3019
"13110021001",140520356.414507,2829
"13110021002",119034783.699122,2513
"13110021003",51758196.1276435,917
"13110021004",129996513.410465,1833
"13110021005",116688635.15354,2342
"13110021006",359203894.201558,5821
"13110031001",231192323.958044,3199
"13110031002",178266875.25347,2868
"13110031003",203273841.259386,3283
"13110031004",216942332.918703,3806
"13110031005",236868235.160301,3412
"13110031006",171873434.53929,2823
"13110031007",119721421.414284,2029
"13110041001",249042085.388018,4242
"13110041002",213011741.810609,3746
"13110051001",233022293.036648,5192
"13110051002",170369598.937724,3805
"13110051003",95983627.1690012,2173
"13110051004",203127848.890475,4507
"13110051005",110623842.920119,2496
"13110061001",79558269.469831,1939
"13110061002",266406603.803805,5419
"13110061003",163934996.731951,2538
"13110061004",317494576.856503,4327
"13110061005",186992132.794304,2622
"13110061006",259424501.250201,4299
"13110061007",121917285.604851,2724
"13110061008",167519792.553034,2804
"13110071001",164701665.095865,3506
"13110071002",606124870.778672,7476
"13110071003",191750428.687025,2587
"13110071004",394773829.060237,5451
"13110071005",256214362.38171,5430
"13110072002",10322291.0987486,170
"13110081001",289856909.859795,4115
"13110081002",275967453.315509,4306
"13110081003",258977038.492066,4144
"13110081004",252047157.678873,3853
"13110091001",188593838.817222,2954
"13110091002",249387334.99375,3725
"13110091003",153585081.109525,2512
"13110091004",274689999.81354,3881
"13110091005",265522250.824721,3935
"13110101001",175432101.899363,3156
"13110101002",255839132.550542,4431
"13110101003",223153181.904952,3659
"13110101004",128316490.335468,2589
"13110101005",242363804.352906,4146
"13110111001",259343690.452622,4657
"13110111002",150636668.236285,2636
"13110111003",269083555.094562,5150
"13110111004",235880213.237365,4590
"13110111005",251164221.309998,4637
"13110111006",120053869.49042,2319
"13110111007",198965013.356787,3796
"13110121001",181650455.102327,3158
"13110121002",126116311.879101,2520
"13110121003",176599857.375013,3412
"13110121004",176891965.873221,3675
"13110131001",207542088.832377,3974
"13110131002",218578635.4154,4219
"13110131003",209060999.035456,3880
"13110141001",118194425.405394,2464
"13110141002",148384849.798975,3205
"13110141003",170639636.793902,3781
"13110141004",137070041.355652,2867
"13110141005",131993818.506233,2881
"13110141006",126345207.09829,2814
"13110141007",163148506.604242,3528
"13110151001",221147665.555304,4734
"13110151002",144256503.364316,3231
"13110151003",181467046.277928,4195
"13110151004",129373579.769667,2759
"13110151005",100328300.84111,2182
"13110161001",114981421.239704,2151
"13110161002",236505488.070796,3920
"13110161003",207599356.319672,3857
"13110161004",185508898.740054,3462
"13110161005",91087679.7941241,1783
"13110161006",141229442.64632,2960
"13110171001",197990453.193619,4530
"13110171002",236752073.152443,3978
"13110171003",170095669.666069,3356
"13110171004",132540787.735417,2611
"13110171005",143349089.09152,2596
"13110171006",173994895.655107,3759
"13110181001",206322655.116471,4256
"13110181002",120257891.571761,2491
"13110181003",128836719.144683,2672
"13110181004",116487582.188135,2397
"13110191001",152627942.271831,3391
"13110191002",118874232.187489,2403
"13110191003",194580021.879092,3530
"13110191004",206045506.37757,4836
"13110201001",93291409.7396622,1957
"13110201002",148978700.032161,3367
"13110201003",176148471.490801,4133
"13110201004",106573647.857031,2515
"13110201005",88590176.028837,2076
"13110211001",207968141.442585,3578
"13110211002",142666145.220535,2736
"13110211003",279201862.249797,4457
"13110211004",261137336.79498,3588
"13110991999",24646710.7196535,529
"13111011001",102633874.499008,5102
"13111011002",96024912.54166,4485
"13111011003",79355812.283118,4077
"13111021001",92867348.9908231,4759
"13111021002",78637576.3031882,3738
"13111021003",82458564.3827972,4210
"13111021004",57222185.013165,2845
"13111031001",76162573.6991876,3622
"13111031002",63421344.8915158,3352
"13111031003",97465014.0898967,4934
"13111041001",57883631.6250319,3285
"13111041002",78689467.213063,4291
"13111041003",39431112.3594723,2224
"13111051001",52674499.6362104,2944
"13111051002",30037428.7785421,1619
"13111051003",70509851.1318933,3401
"13111051004",85349089.9895889,4538
"13111051005",62865606.1050259,3226
"13111061001",123955732.197131,5908
"13111061002",82509990.5669229,3908
"13111061003",61897432.8602136,2992
"13111071001",88079975.7340762,4349
"13111071002",64955660.5439276,2969
"13111071003",125229944.343283,5731
"13111071004",119447886.342873,5404
"13111071005",79660171.8725953,3807
"13111081001",74840918.9342158,3583
"13111081002",80714151.5526524,4047
"13111081003",98733835.1389498,4188
"13111081004",56019774.3091899,2750
"13111991999",4543787.06121389,283
"13112011001",29739280.9975598,2112
"13112011002",33068266.1092011,2435
"13112011003",2686094.62330068,251
"13112021001",66844887.8453933,5305
"13112021002",41930938.8145468,3178
"13112021003",49938339.1949455,3933
"13112021004",58571821.4988993,4587
"13112031001",49493044.2310376,3888
"13112031002",74761512.9689922,5909
"13112031003",62379914.4598223,4981
"13112031004",60945370.0665565,4944
"13112031005",34837492.0549224,2827
"13112041001",63491010.0934821,4584
"13112041002",77638128.4513922,5775
"13112041003",52756499.6071256,3957
"13112041004",5639926.9137081,405
"13112041005",41454081.4535487,3204
"13112041006",46078567.1187868,3403
"13112041007",80042314.7145768,5166
"13112051001",51239196.0702311,3522
"13112051002",53706096.8387236,3510
"13112051003",78331557.5426154,5099
"13112051004",89574.8423462795,16
"13112051005",33686207.4452498,2252
"13112051006",50961559.3082791,3459
"13112051007",60674102.6242252,4313
"13112051008",51204598.2746959,3743
"13112051009",63205694.541968,4493
"13112051010",66586969.1506356,4763
"13112051011",69510926.9965359,4800
"13112061001",58401493.8888671,4754
"13112061002",61712976.7630488,4893
"13112061003",43057960.9949315,3157
"13112071001",47898041.5988632,3489
"13112071002",37469504.8062748,2969
"13112071003",52644041.6152439,3786
"13112071004",44907850.0270816,3341
"13112071005",41412204.01872,3101
"13112071006",30831291.219063,2243
"13112081001",61862394.0515945,4549
"13112081002",58748947.7660289,4528
"13112081003",7779442.94610525,576
"13112081004",73868511.2998022,5016
"13112081005",56547932.2231902,3960
"13112081006",54931539.1902051,3901
"13112081007",41716928.2547301,3168
"13112081008",46215346.1856308,3331
"13112081009",61389636.1954203,4498
"13112991999",14535509.7094543,1261
"13113011001",314602930.47968,2218
"13113011002",262644946.611678,2072
"13113011003",471910395.674578,3376
"13113011004",555490435.196583,3671
"13113021001",306916683.87557,2073
"13113021002",323984271.902625,2243
"13113021003",291192828.971956,2042
"13113031001",572383302.747021,3872
"13113031002",355956636.478683,2384
"13113031003",651974657.380823,4257
"13113031004",364786109.694928,2373
"13113041001",329604546.740483,2309
"13113041002",378377899.425083,2631
"13113041003",461200497.386692,3052
"13113041004",435367655.007224,2896
"13113051001",503744742.299335,3195
"13113051002",632413865.522248,4075
"13113051003",548988063.328513,3577
"13113051004",486167902.542542,3420
"13113061001",922528658.973403,5712
"13113061002",754709655.475423,4838
"13113061003",135737641.192622,910
"13113071001",558648864.330279,4162
"13113071002",505387026.700036,5330
"13113071003",453896003.160558,4745
"13113071004",316732227.502612,2110
"13113071005",671904694.99253,4996
"13113071006",404760033.972678,4121
"13113991999",16343564.2591939,127
"13114011001",949823417.204427,3999
"13114011002",814797097.853584,4011
"13114011003",771537398.254517,3172
"13114011004",324854034.775114,1369
"13114011005",521458829.824019,2204
"13114011006",417831690.092887,1790
"13114011007",685437503.65764,2748
"13114011008",935692086.176465,3940
"13114011009",828408462.012072,3646
"13114021001",831198685.327242,3834
"13114021002",900595204.083022,3987
"13114021003",562545105.148676,2595
"13114021004",861426832.667555,3833
"13114031001",640574948.042195,2996
"13114031002",621109178.426837,2941
"13114031003",770692625.605128,3432
"13114031004",662478841.643192,2944
"13114031005",679773714.238335,2960
"13114031006",596436498.691631,2390
"13114031007",467203514.223426,1900
"13114041001",1075453000.14486,4794
"13114041002",1052460020.37016,5036
"13114041003",1340674592.53962,6301
"13114051001",916078033.391655,4135
"13114051002",898781921.475344,4187
"13114051003",653223058.549175,2875
"13114051004",622588573.79638,2999
"13114061001",742491931.993546,3596
"13114061002",667772737.674765,3196
"13114071001",819768458.799824,5403
"13114071002",999851907.751783,4454
"13114071003",893803931.170633,4115
"13114071004",1507308918.74815,6636
"13114081001",705204029.903979,3303
"13114081002",815281301.031416,3821
"13114081003",855504328.814782,3903
"13114081004",831916525.067241,4092
"13114081005",612184082.52551,3163
"13114091001",751592030.087523,3532
"13114091002",825355955.599999,3980
"13114091003",822421196.539402,3971
"13114091004",917697790.189709,4122
"13114101001",853284145.744843,3937
"13114101002",745971648.606145,3446
"13114101003",806330081.979153,3707
"13114101004",929362155.707795,4428
"13114101005",1013895742.394,4799
"13114111001",821952162.399863,3468
"13114111002",819840605.494876,3773
"13114111003",863626406.79172,3914
"13114111004",705675223.960905,2922
"13114111005",593358068.837717,2703
"13114111006",712029874.647295,3055
"13114111007",606757240.062207,2877
"13114121001",737429613.349107,3210
"13114121002",844154976.306607,3757
"13114121003",723812647.59627,3293
"13114121004",487759966.585235,2278
"13114121005",733543096.891058,3401
"13114121006",551824629.180405,2657
"13114121007",778249396.081841,3409
"13114131001",496621486.087815,2297
"13114131002",446421578.387197,1878
"13114131003",502464702.299654,2149
"13114131004",622726800.379444,2702
"13114131005",686881592.961768,3227
"13114131006",720793692.658882,3324
"13114131007",614788123.40403,2698
"13114131008",636145665.890328,2885
"13114131009",590522308.133983,2515
"13114131010",546808583.024917,2417
"13114141001",895833762.382055,5627
"13114141002",591473122.51137,3948
"13114141003",1090294563.12217,6288
"13114141004",467925680.798327,3208
"13114151001",1626279521.41535,7112
"13114151002",1246529908.90495,5419
"13114151003",1071835371.32363,4708
"13114161001",811002937.830732,3830
"13114161002",506545568.493642,2295
"13114161003",946436363.486983,4464
"13114161004",810854244.72542,4046
"13114991999",99505879.9926876,462
"13115011001",957419231.722123,5228
"13115011002",701767099.468623,3891
"13115011003",479822287.813303,2784
"13115011004",764793041.962169,5091
"13115011005",458313233.802238,2434
"13115011006",925024038.700931,4824
"13115011007",903785806.974895,4830
"13115011008",1180510279.56983,6406
"13115011009",835906761.090691,4412
"13115011010",1535362472.99816,8150
"13115011011",781608586.772553,4259
"13115011012",1043229899.35056,5655
"13115012005",4022389.43273093,37
"13115021001",483920234.714536,3535
"13115021002",837287884.242379,5029
"13115021003",678429817.185399,4009
"13115021004",195068797.69682,1250
"13115021005",691397875.024607,5675
"13115022001",18448916.5706041,105
"13115022901",14503786.8438292,109
"13115032002",20824986.5924348,171
"13115032003",13291016.2123604,109
"13115032004",4675183.70385887,37
"13115032006",191022541.1189,1624
"13115032007",29986393.1370908,222
"13115032008",18405320.794546,194
"13115032901",27291460.70958,291
"13115041001",659336147.01009,5258
"13115041002",433172037.711065,3656
"13115041003",631825860.622136,4514
"13115041004",1253861649.72166,6640
"13115041005",582937642.245494,5343
"13115991999",11959597.3596029,61
"13116011001",86805998.3598901,4895
"13116011002",67082360.2810874,3599
"13116011003",87209222.8472573,4535
"13116011004",105228881.656852,5167
"13116011005",58046003.0316411,3079
"13116021001",114233812.13782,6227
"13116021002",101298656.46834,5527
"13116031001",90201498.2222414,5018
"13116031002",76099396.1464812,4328
"13116031003",78194904.2190198,4216
"13116031004",50140597.8352549,2837
"13116041001",68614173.7612947,3872
"13116041002",65549260.0498497,3732
"13116041003",66706063.963284,3900
"13116041004",79337182.0606375,4449
"13116051001",36164900.5966106,2096
"13116051002",62444643.4051825,3500
"13116061001",47872390.9645516,2800
"13116061002",73546358.4162105,4109
"13116061003",63539944.5461653,3531
"13116071001",55234416.0823156,3105
"13116071002",55890351.6100538,3109
"13116071003",103696833.214757,5492
"13116071004",101516973.447998,5469
"13116071005",1801920.58744147,50
"13116991999",2312234.09594982,162
"13117011001",68274790.0996564,3410
"13117011002",78824867.4241933,3860
"13117011003",63819796.2841479,3358
"13117011004",51063132.4335182,2752
"13117021001",59320433.8681774,3026
"13117021002",42966392.936788,2178
"13117021003",61766583.3462872,3099
"13117021004",68591226.6234566,3452
"13117021005",81776172.4139457,3909
"13117031001",76743005.1114186,4087
"13117031002",45620259.0432979,2317
"13117031003",44656113.4287555,2469
"13117031004",51512895.1663108,2755
"13117031005",59475921.7060663,3221
"13117031006",47496634.4807689,2456
"13117041001",79308952.6808549,4252
"13117041002",54868528.2615858,2714
"13117041003",72479267.4830642,3926
"13117041004",66656634.3859237,3101
"13117041005",58073720.0869241,2811
"13117051001",80462819.9767768,4219
"13117051002",79823337.5430374,4034
"13117051003",64448374.3711185,3449
"13117051004",74797058.8578625,4005
"13117061001",51069767.8884459,2834
"13117061002",61579035.9654332,3337
"13117061003",33503095.2159959,1829
"13117071001",23231750.8588445,1135
"13117071002",45410798.159041,2364
"13117071003",47268223.3331563,2714
"13117071004",53170827.4733812,2824
"13117991999",6696119.41982825,352
"13118011001",341187764.081685,4853
"13118011002",241551844.279621,5333
"13118011003",385423546.008725,4912
"13118011004",199510183.686308,3066
"13118021001",435537498.466623,4666
"13118021002",345523485.291021,5333
"13118021003",186456925.801074,2690
"13118021004",291972717.692274,4217
"13118021005",150921189.366723,2837
"13118021006",147308500.500169,2542
"13118021007",322574491.259792,5046
"13118031001",333586360.57218,4742
"13118031002",244684405.013552,4536
"13118031003",210321132.252097,3393
"13118031004",245325670.341758,3105
"13118031005",291880282.704289,3779
"13118031006",177154052.399377,2779
"13118041001",285279174.035226,3065
"13118041002",209154774.876142,3530
"13118041003",213282678.588419,3931
"13118041004",213182650.721197,3353
"13118041005",188134178.91121,3436
"13118051001",2898804.03759096,50
"13118051002",208731083.386545,2399
"13118051003",167899185.759326,2323
"13118051004",276808876.765035,3010
"13118051005",265566857.643795,3805
"13118061001",235563279.328276,4156
"13118061002",189817428.691302,3625
"13118061003",196952186.526504,3710
"13118061004",241261447.055515,3304
"13118061005",127769434.913897,2022
"13118061006",162916234.936463,2666
"13118991999",17655531.5737446,320
"13119011001",112403259.502324,2587
"13119011002",205347079.933349,4700
"13119011003",94629794.0406438,2372
"13119011004",164270511.23219,3421
"13119011005",94766489.8625212,2029
"13119021001",163904684.906267,4234
"13119021002",132341607.948996,3380
"13119021003",212830557.219262,4753
"13119021004",265156064.644241,5221
"13119021005",292168280.270436,5234
"13119021006",253110586.056835,5464
"13119021007",140210877.369225,3124
"13119021008",219580838.882297,4233
"13119021009",238190649.591544,5195
"13119021010",236595372.597069,5026
"13119031001",98426373.0893715,2548
"13119031002",113598035.347192,2939
"13119031003",102162408.645758,2749
"13119031004",124159633.883589,3042
"13119031005",94282320.6882181,2198
"13119041001",19419224.8201274,546
"13119051001",4126818.37132646,116
"13119051002",212430867.537591,4079
"13119051003",130992739.484789,2564
"13119051004",199108288.447325,3323
"13119051005",238528939.172083,5588
"13119051006",223402071.243779,4994
"13119051007",192951441.533899,4323
"13119051008",274282602.685009,4950
"13119051009",225650271.545771,4268
"13119061001",202403467.747779,4772
"13119061002",209091556.082461,4754
"13119071001",181017914.541256,4203
"13119071002",219075248.38147,5163
"13119071003",214766807.712154,4768
"13119071004",258657320.960162,5047
"13119071005",182812858.372371,4469
"13119071006",310754451.615722,6052
"13119071007",185792471.03512,4406
"13119071008",199382664.318484,4445
"13119071009",244211379.823477,5526
"13119071010",260643167.939359,5424
"13119071011",193413648.847066,4480
"13119071012",199316192.367975,4607
"13119071013",230366867.269893,5559
"13119071014",247322343.219187,4119
"13119071015",207472801.679426,4137
"13119072006",52692533.662032,1314
"13119081001",132750921.584496,3264
"13119081002",85400966.4559539,2174
"13119081003",176011016.366459,4198
"13119081004",120536978.266551,3177
"13119091001",163111242.869679,3486
"13119091002",190845043.248238,4305
"13119101001",240493199.035255,5233
"13119101002",147187592.313604,3334
"13119111001",97206763.765822,2641
"13119111002",198826705.837898,5070
"13119111003",112221230.613808,2789
"13119121001",174339809.70071,4655
"13119121002",96549157.2067176,2535
"13119121003",195347618.413368,4864
"13119131001",92478349.9289447,2185
"13119132006",51047963.5624895,965
"13119132901",8203279.00211276,188
"13119141001",226409327.379018,4531
"13119141002",280071640.071477,4776
"13119141003",269093718.946855,4777
"13119141004",237892296.934886,5265
"13119141005",112669389.654886,2165
"13119141006",215906466.64865,3268
"13119141007",204588438.479679,4574
"13119141008",169910115.043991,3799
"13119141009",348380954.62709,6219
"13119141010",214116611.163077,4665
"13119141011",252997801.968026,4715
"13119141012",147878699.564222,2678
"13119142001",15798013.5307146,373
"13119142004",39802711.0500513,975
"13119151001",61719873.7332865,1452
"13119161001",230709966.417593,4474
"13119161002",224426422.261304,5064
"13119161003",235719231.290138,5308
"13119171001",251179209.647415,5613
"13119171002",171583123.454874,3647
"13119171003",137284139.946126,3010
"13119171004",184230489.734821,4340
"13119171005",229096568.034108,4638
"13119181001",148011393.056177,3488
"13119181002",298928449.576128,5517
"13119181003",132137279.114751,3040
"13119181004",218054164.114922,5075
"13119181005",251961175.271223,5144
"13119181006",180149837.964619,4148
"13119181007",157604919.809433,3191
"13119181008",225970674.520689,4946
"13119191001",231557024.693081,4165
"13119191002",201765449.425021,4504
"13119191003",192563935.697481,4217
"13119191004",260988117.746099,5175
"13119191005",215226260.556019,4535
"13119191006",269669366.58098,5658
"13119191007",175992123.278462,3988
"13119191008",170974543.587778,3974
"13119191009",149544155.614654,3335
"13119191010",239436818.216285,4160
"13119192002",1536872.40347849,51
"13119201001",175764982.17815,3780
"13119201002",189608164.536114,4150
"13119201003",191997327.456836,3832
"13119201004",202106698.031895,4548
"13119201005",116335168.809644,2493
"13119201006",235070744.004806,4517
"13119201007",187298867.974452,4361
"13119201008",257965184.445139,5166
"13119201009",242634937.389776,5209
"13119201010",167968543.044481,3867
"13119201011",208390894.908853,4258
"13119211001",172853852.295686,3563
"13119211002",103043824.321165,2286
"13119211003",192061693.819288,4515
"13119211004",135783096.625563,3060
"13119211005",187336378.709352,4056
"13119221001",133851091.343056,2858
"13119221002",159524320.307664,3588
"13119221003",183069831.457558,4052
"13119221004",134173820.058107,3130
"13119231001",199607333.826774,3681
"13119231002",271449094.80306,4901
"13119231003",57393248.3265055,939
"13119231004",189744125.392339,3353
"13119231005",125568415.278969,2748
"13119231006",129781254.989965,2819
"13119231007",204374821.578745,3588
"13119231008",245616988.011065,5196
"13119991999",45286327.7591871,968
"13120011001",368052582.534106,2205
"13120011002",701682563.043094,3895
"13120011003",712386507.775835,4079
"13120011004",501689403.013382,3103
"13120011005",684467806.496977,3746
"13120011006",792709877.214443,4405
"13120011007",550706240.163174,3253
"13120011008",603272023.01771,3299
"13120011009",625242626.186977,3503
"13120021001",666038875.790988,3988
"13120021002",702314015.937538,4341
"13120021003",730124693.452258,4474
"13120021004",622694984.949767,3080
"13120021005",497241817.219962,2880
"13120021006",525900378.194397,3599
"13120031001",533441711.448701,3138
"13120031002",588903368.171125,3659
"13120031003",495418564.59523,2766
"13120041001",1096892286.20022,5765
"13120041002",639859199.179339,3831
"13120041003",395085206.060901,3016
"13120041004",437323955.642974,2955
"13120041005",607671345.476162,4364
"13120051001",392146716.846265,2459
"13120051002",809815037.007296,4814
"13120051003",647999797.513389,3675
"13120051004",425038544.456407,2512
"13120061001",598844113.452348,3845
"13120061002",444289918.744966,3195
"13120061003",388362075.100586,3152
"13120061004",385024886.916445,3045
"13120061005",519355940.125806,3832
"13120071001",364734376.861141,2224
"13120071002",703861894.094116,3969
"13120071003",717695757.854247,4207
"13120071004",444529759.794882,2986
"13120071005",469197130.670479,3237
"13120071006",543640414.571543,3880
"13120071007",357978726.81687,2314
"13120081001",344591450.422242,2961
"13120081002",314727757.81116,3007
"13120081003",202465145.570158,1843
"13120081004",330442027.23311,2676
"13120091001",907332060.857701,5090
"13120091002",583468362.603083,3951
"13120091003",548853269.29363,3622
"13120101001",483684750.117002,2651
"13120101002",571249441.440294,3335
"13120101003",612377213.733193,3505
"13120101004",644286720.137428,3371
"13120101005",592424825.827059,3484
"13120101006",661592435.350596,3653
"13120101007",480477221.121188,3284
"13120101008",622729547.721664,3475
"13120111001",819596525.978268,4193
"13120111002",614749993.834251,3252
"13120111003",465969774.602529,2501
"13120111004",624821654.811847,3556
"13120111005",507749117.259902,2838
"13120111006",347428229.913026,1990
"13120111007",508194779.710801,3039
"13120991999",37442130.6891445,270
"13121011001",96537449.2316317,3644
"13121011002",118326032.209937,4577
"13121011003",154708136.128793,5936
"13121021001",48627309.1578848,1914
"13121021002",115964112.244599,4479
"13121021003",113984725.089917,3974
"13121021004",77801501.0489794,2993
"13121031001",88370577.5785841,3425
"13121031002",56020510.1469392,2123
"13121031003",94403175.6015068,3567
"13121031004",97862218.6202729,3799
"13121041001",102270938.420652,4082
"13121041002",71417719.1705921,2787
"13121041003",111505301.514064,4214
"13121041004",66093386.8018728,2845
"13121051001",88041400.8518181,3384
"13121051002",102184203.501632,3974
"13121051003",45588332.1724239,1720
"13121051004",117509811.920784,4704
"13121061001",172919243.898819,5981
"13121061002",119623356.091409,4844
"13121061003",79391572.5200586,3069
"13121071001",94853641.081833,3664
"13121071002",52351539.1110656,2123
"13121071003",88526486.2507057,3325
"13121071004",101139559.790625,4002
"13121081001",86669146.7388492,3302
"13121081002",61567937.2397449,2547
"13121991999",3631696.62832727,176
"13122011001",102748645.133176,1492
"13122011002",197256269.030966,3828
"13122011003",251559218.544504,5121
"13122011004",237048858.476084,4133
"13122021001",157464328.679469,2349
"13122021002",232838067.410063,4528
"13122021003",189324458.470376,3242
"13122021004",210976387.459988,4096
"13122031001",419545770.103,4434
"13122031002",398432215.260907,4669
"13122031003",416686639.257481,6440
"13122031004",458242030.833162,4840
"13122031005",636311776.255027,6527
"13122031006",426406434.576031,4753
"13122031007",564398294.478826,6023
"13122031008",457741098.830214,4730
"13122031009",363010200.938356,6003
"13122031010",455758569.763766,6388
"13122031011",477378278.501722,4901
"13122041001",178528408.667802,3751
"13122041002",248797306.621315,4283
"13122041003",215994966.865006,3890
"13122041004",150036002.69742,2722
"13122041005",145261027.842289,2681
"13122051001",360452898.039163,4242
"13122051002",331755304.724655,6136
"13122051003",359862938.467766,3785
"13122051004",248683222.214452,3878
"13122051005",319656420.394377,4609
"13122061001",306355096.188473,6238
"13122061002",218203953.65703,4379
"13122061003",224041182.681215,4376
"13122061004",243892842.129759,5024
"13122071001",128943709.722351,2471
"13122071002",149405565.925852,2833
"13122071003",257737405.754362,4627
"13122071004",202618168.277415,4047
"13122071005",149639702.056141,2974
"13122081001",188873104.574161,3413
"13122081002",284480789.533769,4896
"13122081003",236244869.137106,4591
"13122081004",191227929.058312,3903
"13122091001",290668025.835943,5581
"13122091002",291045864.561781,4437
"13122091003",293179614.167468,3132
"13122091004",153323925.486909,2903
"13122101001",173109736.95556,2812
"13122101002",159163509.308241,3095
"13122101003",112581560.179581,2090
"13122101004",171237945.871343,3320
"13122101005",167425391.576135,3225
"13122111001",313302292.208664,5779
"13122111002",390784820.585344,5799
"13122111003",248045537.561514,4853
"13122111004",326899261.234763,6223
"13122111005",307200477.740954,5845
"13122991999",15483472.6470709,259
"13123011001",479617698.513784,2121
"13123011002",629633170.55353,2679
"13123011003",586762839.980182,2457
"13123011004",781794589.855904,3245
"13123011005",511210838.320568,2237
"13123011006",642976975.993982,2671
"13123011007",414747234.268339,1676
"13123011008",393439534.316352,1619
"13123021001",850094310.772693,3566
"13123021002",579004796.5814,2369
"13123021003",872625892.395913,3542
"13123021004",833466019.923736,3727
"13123021005",574688796.341399,2409
"13123021006",728007317.780943,2860
"13123021007",1007032614.35294,4583
"13123031001",443276484.455536,1818
"13123031002",429269379.39139,1813
"13123031003",680778928.401721,2896
"13123031004",776761453.379644,3366
"13123031005",628537547.866657,2587
"13123031006",388059025.664803,1574
"13123031007",665289314.402972,2744
"13123031008",498130750.465459,2081
"13123031009",714935773.215001,3170
"13123031010",727368475.563317,3091
"13123031011",684483698.34121,2849
"13123041001",869483475.634487,3576
"13123041002",837697126.490922,3371
"13123041003",1020541625.84956,4372
"13123041004",872564250.040521,3657
"13123041005",834933006.656532,3553
"13123041006",641716931.294831,2645
"13123041007",727198024.350684,3047
"13123041008",858204726.193021,3544
"13123041009",805624751.607759,3370
"13123041010",607031467.653497,2397
"13123041011",464178163.335206,2008
"13123041012",702284288.839379,2968
"13123051001",991294533.223933,4520
"13123051002",939747331.132282,4000
"13123061001",650721695.119035,2709
"13123061002",790419347.599392,3333
"13123061003",528640239.881158,2252
"13123061004",613818701.188758,2527
"13123071001",669900218.269206,2976
"13123071002",756517260.50571,3261
"13123071003",209836291.683005,886
"13123081001",376679186.812114,1488
"13123081002",523463123.58368,2200
"13123081003",402323464.508624,1635
"13123081004",491347916.861519,1903
"13123991999",23524687.8656552,131
"13124011001",66480498.940983,1990
"13124011002",119679033.316369,3453
"13124011003",107944211.931334,3172
"13124011004",86998789.2184162,2717
"13124021001",268744782.478497,7035
"13124021002",137263541.879752,4141
"13124021003",157365064.250558,4486
"13124021004",180864352.088855,5089
"13124021005",176916418.278715,3581
"13124021006",224005037.161764,5455
"13124031001",78433615.0995318,2278
"13124031002",140862841.249245,3877
"13124031003",74669317.7159341,2222
"13124031004",61383714.1280154,1828
"13124041001",137564145.639904,3808
"13124041002",121981477.6491,3706
"13124041003",85111123.4723254,2644
"13124041004",145678236.835901,4158
"13124041005",74101938.1226988,2138
"13124051001",136003067.576307,3988
"13124051002",48711459.2892419,1311
"13124051003",154050161.263761,4468
"13124051004",64524987.5857152,1783
"13124061001",213340648.310292,4419
"13124061002",223270967.480932,5508
"13124061003",94864496.5629806,2461
"13124061004",199871935.260715,4443
"13124061005",117020387.098711,2524
"13124061006",145249509.543724,3220
"13124061007",133186063.291474,3304
"13124061008",142132047.130763,3324
"13124061009",183442844.472437,4492
"13124061010",160272284.1259,4263
"13124061011",128523777.659127,3508
"13124061012",188186369.927036,4634
"13124061013",267591315.836084,5077
"13124061014",159675042.62225,3810
"13124061015",137709859.271425,3570
"13124061016",114478018.395444,2923
"13124061017",168112770.926561,4217
"13124061018",189724336.102692,4920
"13124061019",114373058.582978,2905
"13124061020",200163961.550594,4426
"13124061021",145408772.214096,3528
"13124061022",185510343.001412,5072
"13124061023",124244138.329761,3429
"13124061024",189915961.144136,4694
"13124062013",1436082.34772159,33
"13124062901",942968.622833499,22
"13124071001",328072838.779378,5868
"13124071002",330643850.660854,5611
"13124071003",106569474.04638,1952
"13124071004",60188368.3476807,1504
"13124071005",48910812.0115564,1276
"13124072012",5466654.56052249,157
"13124072016",14382810.8970557,361
"13124072019",68991287.094473,1810
"13124081001",42440013.107721,1078
"13124082008",3612986.79034351,50
"13124082009",2416020.27924096,57
"13124082010",16166534.5445748,472
"13124082011",14734256.8628652,498
"13124082017",4760867.63701165,139
"13124082018",1023580.64228995,29
"13124082020",32080879.4093766,870
"13124091001",258095021.575763,6766
"13124091002",97045474.1591315,2817
"13124091003",111676328.084416,3320
"13124091004",112289854.895077,3268
"13124091005",87252476.8440384,2485
"13124101001",158842129.66483,4445
"13124101002",80483733.5964214,2402
"13124101003",122917263.731521,3494
"13124101004",67111302.8801032,2089
"13124991999",181736527.539598,3421
"13125011001",141942226.405212,4083
"13125011002",171701854.91218,5412
"13125011003",155490891.381159,3267
"13125011004",170631760.917405,4411
"13125011005",146576116.286411,4941
"13125011006",85266999.756234,2901
"13125011007",360795894.013291,9080
"13125011008",208790169.36902,4366
"13125021001",168745935.93324,5125
"13125021002",132545766.780508,4156
"13125021003",158101021.885789,4710
"13125021004",235017377.733514,6469
"13125021005",136504018.948722,4066
"13125021006",118275542.119782,3663
"13125021007",186035934.489331,5342
"13125021008",156062831.282164,4727
"13125021009",212177292.876408,6394
"13125021010",174057508.541949,5289
"13125021011",112771420.122657,3429
"13125021012",151694285.055552,5288
"13125021013",131704273.03353,3829
"13125021014",206503276.920997,5801
"13125021015",145747904.513236,3827
"13125021016",126392895.832264,3838
"13125021017",136177534.022504,4263
"13125021018",148438970.768757,4628
"13125021019",140516963.587437,4355
"13125021020",156293989.794038,4608
"13125021021",156290901.660071,4131
"13125022001",2521726.93072905,90
"13125022002",7811664.54153277,257
"13125022004",5044984.33346935,154
"13125022005",3558952.18132991,112
"13125031001",20965669.7261727,679
"13125041001",121798126.148473,3827
"13125041002",180022335.298501,4193
"13125041003",265912392.888603,6805
"13125041004",179203467.767069,4866
"13125041005",236919147.999094,6190
"13125041006",203134495.932465,4749
"13125041007",182812107.238412,5303
"13125041008",100595456.152091,2940
"13125041009",193110576.831854,4971
"13125041010",210464216.287208,5751
"13125041011",201255128.46556,4936
"13125041012",163830927.224251,4237
"13125041013",223637529.882564,5205
"13125041014",143765316.877615,4233
"13125041015",168563571.226631,4185
"13125042005",2970353.63720819,99
"13125991999",6494643.77339149,229
"13126011001",120563473.17332,3464
"13126011002",121743912.59288,3394
"13126011003",64104256.8785542,2067
"13126021001",144055290.084938,4213
"13126021002",111208857.121411,3155
"13126021003",88561436.2723,2929
"13126021004",87783283.6196056,2828
"13126021005",93536418.2314324,2538
"13126021006",3909363.98161686,144
"13126031001",246298452.147787,5375
"13126031002",196267748.236878,4661
"13126031003",194322311.208134,4517
"13126041001",140282659.178078,4135
"13126041002",91062250.6733897,2165
"13126051001",210686067.341341,5750
"13126051002",207848095.401637,5445
"13126061001",152699430.798965,4530
"13126061002",154614062.526055,4621
"13126061003",76547444.9366768,2468
"13126061004",109785520.985149,3575
"13126071001",159374389.822258,4893
"13126071002",137410207.857051,3733
"13126081001",187408880.172834,5828
"13126081002",173719373.247979,5002
"13126081003",172456435.699342,5205
"13126091001",82017789.3956032,2725
"13126091002",135969952.567841,4295
"13126091003",65273064.8573824,2141
"13126091004",121543622.088577,3965
"13126991999",7933442.87869793,265
"13127011001",151170576.9616,3242
"13127011002",165468315.384244,4001
"13127021001",203280813.436669,5156
"13127021002",218956498.307463,5729
"13127021003",180974865.529326,3755
"13127021004",162854708.825863,3190
"13127031001",101665390.685293,2892
"13127031002",48104094.0104418,1191
"13127041001",148061858.870063,4525
"13127041002",164334961.054767,4982
"13127041003",124864565.011495,3895
"13127041004",86169259.7874896,2687
"13127051001",123368880.326894,3854
"13127051002",132373666.423547,4265
"13127051003",110610650.13553,3641
"13127061001",166992995.543563,4933
"13127061002",93422954.8579755,2836
"13127061003",85049612.4157354,2518
"13127061004",143567344.350604,4424
"13127061005",91836605.3278246,2864
"13127061006",145869136.126796,4613
"13127061007",67071984.0508752,2011
"13127071001",79963173.8512306,2620
"13127071002",92926690.3551077,3063
"13127071003",96176040.7384181,3247
"13127071004",69994140.0385158,2059
"13127081001",94173237.2327004,2787
"13127081002",82981551.4250833,2242
"13127081003",92761575.462793,2675
"13127091001",155411040.553179,4360
"13127091002",166280533.852179,4865
"13127091003",80642389.3533414,2504
"13127101001",103230624.776106,2290
"13127101002",111907395.121502,2063
"13127111001",161531954.341701,4720
"13127111002",143345391.172015,4277
"13127111003",90979285.0113564,2610
"13127111004",159062418.810212,4253
"13127111005",179780922.719289,4983
"13127121001",80739816.6947782,2698
"13127121002",106099087.519708,3434
"13127121003",132967774.218489,4219
"13127131001",98521184.6441785,3047
"13127131002",92412517.459008,2756
"13127131003",147333135.667544,4544
"13127991999",8704124.16078464,331
"13128011001",70499509.5015809,3790
"13128011002",61273102.3767109,3263
"13128011003",72415597.279926,3647
"13128021001",53195427.2038863,2843
"13128021002",61307291.6689133,2887
"13128021003",59540721.7602451,2871
"13128021004",78188040.5727033,4228
"13128021005",6946236.04706224,172
"13128021006",90164816.8409215,4845
"13128031001",28249459.1866262,1466
"13128031002",69481399.3494155,3696
"13128031003",45798727.9347097,2512
"13128041001",22492369.6883236,1190
"13128041002",63314640.5597484,3340
"13128041003",26158902.558196,1402
"13128051001",71985393.3540426,3816
"13128051002",71431422.3718273,3759
"13128061001",38033815.7589126,2267
"13128061002",106104162.404875,5604
"13128061003",54931953.1851158,2877
"13128061004",47237414.3799691,2525
"13128061005",42482378.9731242,2511
"13128071001",98118543.3283626,4861
"13128071002",71759921.78642,2782
"13128071003",87002818.6428994,3874
"13128071004",146276183.748381,6423
"13128071005",94581629.6857063,4112
"13128071006",107859686.466587,5101
"13128071007",107207115.032275,4932
"13128071008",68790689.8292466,2801
"13128071009",43429807.608016,1430
"13128071010",176645410.461129,6850
"13128081001",51734931.6397673,2890
"13128081002",55405381.2155603,2896
"13128081003",45078398.1457472,2278
"13128081004",117427108.415748,5623
"13128091001",70744774.2000917,3597
"13128091002",60998323.348594,3130
"13128091003",74092199.9209456,3680
"13128091004",71604061.0950989,3772
"13128101001",48795904.9323012,2522
"13128101002",45353157.2851654,2325
"13128101003",78954115.5372709,3902
"13128101004",33218977.1813809,1662
"13128991999",3095608.48288964,197
"13129011001",69180721.0307972,2369
"13129011002",83784548.340971,2959
"13129011003",192901612.248639,4551
"13129011004",108481234.830285,2962
"13129011005",71800506.7568158,2229
"13129021001",72505320.954782,2334
"13129021002",132165620.627551,4576
"13129021003",59403103.7041991,2220
"13129021004",130491666.792804,4614
"13129031001",59888720.4456273,2183
"13129031002",164830369.992832,4523
"13129031003",128714794.669504,4121
"13129031004",93730569.7841374,3535
"13129041001",25015970.9593078,878
"13129041002",121681203.056989,4474
"13129041003",75358002.2583194,2482
"13129051001",96546296.7540926,3668
"13129051002",96272096.1031777,3733
"13129051003",128110400.711587,4476
"13129051004",70087668.6629575,2458
"13129061001",139753573.595008,4917
"13129061002",126043009.650458,4537
"13129061003",100357781.897773,3672
"13129071001",138473065.650216,5060
"13129071002",52846364.060566,2042
"13129071003",135831402.391334,5401
"13129071004",26575000.2087441,1021
"13129071005",62467782.7777812,2297
"13129991999",4895061.22402427,200
"13130011001",436421803.788154,4922
"13130011002",619200171.238349,6605
"13130021001",374273606.790089,3720
"13130021002",482813191.243259,5611
"13130021003",380600402.876368,5622
"13130031001",353816098.413995,3637
"13130031002",353866293.36016,5407
"13130031003",231558709.63588,3023
"13130041001",476831715.196873,4736
"13130041002",478238634.789055,4974
"13130041003",447958270.212301,5720
"13130041004",345105241.231124,4429
"13130051001",363299895.800911,3710
"13130051002",399020513.17378,4347
"13130051003",314223002.893461,4508
"13130051004",628997677.224308,6090
"13130061001",366614398.515409,4037
"13130061002",396660448.793099,4439
"13130061003",505875193.412675,4828
"13130061004",294626444.511241,3037
"13130071001",253879530.171312,3161
"13130071002",357054536.94095,5611
"13130071003",275033152.446738,2743
"13130071004",257476633.726371,2885
"13130991999",14621339.5913358,152
"13131011001",50039029.5051969,2259
"13131011002",92191717.0334161,3977
"13131011003",84114473.706276,3654
"13131011004",85587359.6103388,3718
"13131021001",19986354.0831582,942
"13131021002",85162282.172731,3636
"13131031001",51481131.2259065,2318
"13131031002",100911233.532684,4628
"13131031003",70322734.049,3363
"13131041001",114514716.902673,4945
"13131041002",115127164.614305,5038
"13131041003",98872232.08647,4224
"13131051001",91807761.8443169,4095
"13131051002",110808487.290125,4885
"13131051003",110291772.952473,4741
"13131051004",108123164.916578,4724
"13131061001",85213231.5792039,3847
"13131061002",80542936.0778948,3409
"13131071001",93031403.0606693,4088
"13131071002",77179387.0083949,3169
"13131071003",87609973.5162424,4044
"13131071004",67424268.8521702,2903
"13131991999",7163367.32715559,293
"13132011001",781080584.106818,2648
"13132011002",707793525.639293,2439
"13132011003",999272211.329198,3399
"13132011004",526925027.412356,1876
"13132011005",727090382.587735,2705
"13132011006",606952761.768314,2093
"13132021001",654265070.153854,2283
"13132021002",937756722.462589,3343
"13132021003",1157777028.81504,4000
"13132021004",871372758.626341,3083
"13132021005",1202111042.98042,4202
"13132021006",1269806666.4349,4408
"13132021007",935349752.719237,3156
"13132031001",1480188591.08856,5124
"13132031002",1644600925.05727,5652
"13132041001",991974851.774528,3530
"13132041002",937283615.915257,3138
"13132041003",623145525.400485,2058
"13132041004",1179827977.19845,3915
"13132041005",913694415.57553,3240
"13132041006",791501696.538588,2727
"13132041007",1183493439.41176,4002
"13132041008",951441379.205674,3433
"13132051001",879399501.772818,3041
"13132051002",843103045.396747,3016
"13132051003",778772914.447744,2758
"13132991999",33619076.0691363,115
"13201011001",105560911.095105,3278
"13201011002",180956703.105003,5076
"13201011003",78154232.642756,2330
"13201011004",68064944.7955624,2016
"13201011005",62483680.6148911,1850
"13201011006",129697627.327619,3483
"13201021001",200188841.329547,4477
"13201021002",142247428.696442,2910
"13201021003",82570298.3730676,1985
"13201021004",209568931.331536,4684
"13201021005",106883334.18423,2998
"13201021006",177555440.775768,3165
"13201021007",117584310.531719,2524
"13201021008",289015448.830343,5528
"13201021009",155611943.828879,3038
"13201022901",639593.924323365,19
"13201031001",233636879.763838,5187
"13201031002",276427924.550082,5129
"13201031003",424786380.888027,7567
"13201031004",287809196.560927,5119
"13201031005",241035281.405078,5740
"13201031006",215744057.738877,5292
"13201031007",171243617.578948,4758
"13201031008",152085188.294598,2742
"13201031009",349176135.076504,6345
"13201031010",69704234.8263203,1428
"13201041001",93375985.5371954,2810
"13201041002",79870889.3441797,2452
"13201041003",185718619.754704,4944
"13201041004",100952292.341216,3346
"13201041005",189388039.870679,5074
"13201041006",177610166.892805,3631
"13201041007",138226544.507047,3368
"13201051001",116805008.323783,3241
"13201051002",168323184.624587,4407
"13201051003",197319197.400017,5457
"13201051004",29198087.6705234,679
"13201051005",233550848.789638,6026
"13201051006",192333702.707013,5217
"13201051007",168120380.329196,4507
"13201051008",132554260.3644,3833
"13201051009",123401418.960478,3395
"13201051010",149367743.476573,4148
"13201051011",138471822.20886,3816
"13201061001",183896541.539786,5045
"13201061002",165787500.975907,5029
"13201061003",102503014.721397,3327
"13201061004",156236934.105255,4444
"13201061005",162519333.336662,4629
"13201061006",199062565.715547,5235
"13201061007",172140036.48278,4264
"13201071001",76408396.9171087,2233
"13201071002",88535258.6644827,2456
"13201071003",122701618.821781,3589
"13201071004",133294236.228664,3775
"13201071005",150575156.662505,4159
"13201071006",195414171.085462,5515
"13201071007",217956091.597267,4717
"13201071008",142798625.275322,3809
"13201081001",202397268.208548,5033
"13201081002",120753535.847766,3157
"13201081003",207990572.064936,5216
"13201081004",175417211.57387,4351
"13201081005",166834118.343791,4715
"13201081006",155913344.651986,4290
"13201081007",173081833.583454,4347
"13201081008",126345509.517968,3616
"13201091001",171134974.79835,4302
"13201091002",180036910.155583,4697
"13201091003",132825118.184913,3350
"13201091004",140270272.772457,3726
"13201101001",93615530.5121848,2499
"13201101002",142980693.769732,3872
"13201101003",167028675.907031,4366
"13201101004",147999596.062676,4004
"13201101005",111725617.611345,3065
"13201101006",86537329.6175072,2353
"13201111001",133221978.872747,3478
"13201111002",115912491.125806,3251
"13201111003",154588298.471817,4240
"13201111004",86193558.9128488,2378
"13201121001",124486534.077598,3300
"13201121002",184176561.765173,4886
"13201121003",161728620.999433,4386
"13201121004",155659091.219957,4219
"13201121005",199777567.488947,4470
"13201121006",80509179.8638141,2152
"13201131001",65499535.7179661,1999
"13201131002",128165734.834096,3888
"13201131003",178194335.271202,5051
"13201131004",112641819.905092,3596
"13201131005",119714814.716801,3571
"13201141001",124184970.281406,3756
"13201141002",136331400.720056,4364
"13201141003",143758075.536805,4000
"13201141004",160353848.208096,4827
"13201141005",175664998.36711,5293
"13201141006",131814484.90946,3766
"13201141007",146509675.071874,3676
"13201141008",213004791.093701,5746
"13201151001",242061256.799883,5011
"13201151002",103173945.179609,3303
"13201151003",161390317.799291,4673
"13201161001",184343372.582491,4852
"13201161002",133805259.178622,2939
"13201161003",155283602.270317,4132
"13201161004",130442596.283419,3293
"13201161005",156120554.133764,3913
"13201161006",176119453.81648,4699
"13201161007",181567940.809619,5087
"13201161008",68077883.384449,1719
"13201161009",105469274.320576,2669
"13201161010",115269919.771206,2650
"13201171001",142577923.83796,4031
"13201171002",145594783.261019,4072
"13201171003",261860539.682552,5527
"13201171004",208399098.907573,4596
"13201171005",204041775.209569,5034
"13201171006",186556663.034597,4344
"13201171007",223512308.758078,4899
"13201171008",186160476.529455,3879
"13201171009",160378490.168685,2907
"13201181001",255009413.386759,6920
"13201181002",139868703.463559,3652
"13201181003",199239012.277271,5340
"13201181004",52758239.9321837,1590
"13201181005",180945794.850771,4719
"13201181006",1034542.13956557,34
"13201181007",176425600.279786,4765
"13201181008",97191132.8012884,2682
"13201181009",177052878.713929,5031
"13201191001",210820754.349904,5159
"13201191002",117544451.448433,3192
"13201191003",121268438.379285,3350
"13201191004",151596733.618564,3921
"13201191005",128670525.22162,3164
"13201191006",202421410.398832,5115
"13201191007",166860902.576714,4569
"13201191008",186581065.84484,5253
"13201191009",159912448.756058,4339
"13201191010",175863253.22322,4574
"13201191011",144901930.220826,3887
"13201191012",205543218.996028,4516
"13201991999",57413085.5045183,1608
"13401011001",88747302.843854,2938
"13401011002",76024055.3907349,2083
"13401021001",158276281.226731,5206
"13401021002",112588549.46021,3945
"13401031001",143036898.870468,5238
"13401031002",91640169.6373578,3509
"13401031003",147779612.812925,5360
"13401041001",154759113.663665,5539
"13401041002",80749339.0037641,3065
"13401041003",117998591.802925,4182
"13401041004",93796335.0054676,3485
"13401051001",90507159.0887202,3012
"13401051002",126300280.267682,4438
"13401051003",162463226.058227,5762
"13401051004",28164292.7029071,981
"13401051005",143217075.020661,4698
"13401061001",218425201.289193,6943
"13401061002",152563867.873686,5385
"13401061003",352132931.728604,8628
"13401061004",209559635.256066,6966
"13401061005",131813471.129712,4397
"13401061006",149885718.905874,4954
"13401061007",131958055.844493,4407
"13401061008",89995201.2082963,3104
"13401061009",137837300.515934,4566
"13401061010",209863797.33612,6388
"13401061011",139116481.367145,4649
"13401061012",142385002.659672,4676
"13401061013",138813303.638931,4638
"13401061014",180561737.840373,5007
"13401061015",135280927.129026,4211
"13401062004",7810366.08344014,238
"13401062005",4991159.98775911,157
"13401062009",2137208.24278436,44
"13401062012",642988.501787691,40
"13401062016",901338.906969154,33
"13401062018",1534662.73867575,88
"13401062020",1499919.38576533,68
"13401071001",171037446.24058,4147
"13401071002",317206217.664985,7550
"13401081001",107916865.646678,3769
"13401081002",141567800.565024,4629
"13401081003",175378531.220275,4490
"13401081004",177959852.552788,5123
"13401081005",137048926.257228,4255
"13401081006",110728423.422232,3673
"13401081007",158630363.890051,4967
"13401081008",125343816.846493,4023
"13401081009",45816446.8033486,1664
"13401082002",15942217.978227,542
"13401082003",21953937.0575082,691
"13401082013",7289215.26764415,264
"13401082021",21844778.0309932,645
"13401091001",87529366.7658779,2928
"13401091002",144010415.653384,4199
"13401091003",116218812.162802,4049
"13401091004",88159293.4735206,3036
"13401101001",114298357.86948,4196
"13401101002",112536005.565663,3863
"13401101003",56857800.9846678,1960
"13401101004",53570449.1684064,1699
"13401101005",46639303.4781987,1539
"13401101006",124544199.635265,4121
"13401111001",313254165.478235,9532
"13401111002",108184247.677433,3362
"13401111003",13425530.879796,493
"13401111004",78595094.9226563,2429
"13401111005",143995565.566549,4422
"13401111006",138589186.4248,4461
"13401112001",1501174.79274362,73
"13401112008",949352.676627761,40
"13401112014",864969.262079981,50
"13401112015",14546539.0538216,519
"13401121001",143425683.268916,4664
"13401122006",34884209.6457911,1150
"13401122007",17800079.2273432,644
"13401122010",12101986.5120355,455
"13401122011",13453827.5232033,459
"13401122019",773793.317954894,32
"13401131001",104313762.112294,3610
"13401131002",118003497.282724,4234
"13401131003",83847384.2540112,2760
"13401131004",61718890.131724,2318
"13401141001",118447209.88291,4006
"13401141002",125620308.474842,2855
"13401141003",446826547.522177,10816
"13401141004",315067365.404296,8435
"13401141005",101740922.258298,3657
"13401991999",25039663.9575149,787
